{
  "model_name": "gradient_boosting",
  "trained_at": "2026-03-15T00:42:14.322548",
  "dataset": "D:/Project_ML/japan_pizza_delivery.csv",
  "train_samples": 4000,
  "test_samples": 1000,
  "metrics": {
    "RMSE": 187.03185190790705,
    "MAE": 112.70146959834717,
    "R2": 0.9868760392708936,
    "MAPE": 4.911462459046455
  },
  "all_results": {
    "ridge": {
      "RMSE": 896.7535201094128,
      "MAE": 602.9665192550758,
      "R2": 0.6982967737713763,
      "MAPE": 29.75041662681165,
      "CV_RMSE": 927.4257738758755
    },
    "random_forest": {
      "RMSE": 363.0366225553467,
      "MAE": 204.68058902892972,
      "R2": 0.9505536031206382,
      "MAPE": 8.449067300194264,
      "CV_RMSE": 402.9748922816854
    },
    "gradient_boosting": {
      "RMSE": 187.03185190790705,
      "MAE": 112.70146959834717,
      "R2": 0.9868760392708936,
      "MAPE": 4.911462459046455,
      "CV_RMSE": 223.5660718742162
    }
  }
}